vzRMeAg4Oi8__kl-trunc-name,sBhnyP5sXkG__rtng,sBhnyP5sXkG__number-of-reviews
ASC Assessoria de Condomínios,"4,1",(14)
Foco Engenharia Central de Vendas,"3,9",(132)
Imobiliária REMAX Super,"4,9",(23)
Acontece Imobiliária,"4,1",(315)
Rogerbras Consultoria Imobiliária,"3,9",(47)
Êxito | NetImóveis,"4,8",(99)
PARK SUL IMOVEIS LTDA,"3,9",(106)
Thaís Imobiliária - Unidade Asa Sul,"4,3",(177)
Aguiar de Vasconcelos Imóveis,"4,6",(44)
BSB | Netimóveis,"4,7",(35)
Daleprane Inteligência Imobiliária,"4,9",(82)
IMOBILIARIA SUDOESTE,"5,0",(10)
Varandas Imóveis,"4,2",(140)
Ferola Empreendimentos Imobiliários,"4,5",(154)
Santiago Imobiliária,"4,4",(99)
Plano Imobiliária,"3,9",(154)
Emprend Imobiliária,"5,0",(48)
RE/MAX Immobili,"4,4",(28)
Coemi Imóveis,"4,0",(159)
Quadraimob,"4,8",(33)
61 imóveis,"4,0",(52)
Tetto Empreendimentos Imobiliários,"3,8",(17)
,,
Dall'Oca Negócios Imobiliários,"3,9",(136)
Bordalo Prime,"4,4",(44)
Jbn Imóveis Ltda.,"3,1",(28)
TABAKAL Imobiliária,"4,7",(65)
Luiz Cláudio Empreendimentos Imobiliários LTDA,"4,0",(41)
Beiramar Imóveis - Asa Sul,"3,9",(173)
Manu Netimóveis,"4,9",(104)
ABC Imóveis Ltda,"4,2",(33)
IMOBILIARIA ZOOM,"3,5",(26)
Divino Imóveis Brasília,"4,7",(22)
DNG Imobiliária,"4,9",(59)
Imobiliaria Janio Sousa,"4,1",(10)
Imobiliaria Real,"3,1",(29)
Imobiliaria Brasilia LTDA,"3,7",(33)
Correta Imobiliária,"4,4",(17)
Cúpula Empreendimentos Imobiliários,"4,3",(9)
Sardeiro Imóveis,"5,0",(24)
VIRTUAL IMOBILIARIA,"4,6",(12)
Armando Imoveis,"3,8",(38)
Monumental Agência Imobiliária,"5,0",(26)
CBL Imóveis,"4,0",(20)
Êxito Premium Imobiliária,"4,3",(21)
Granville Negócios Imobiliários,"4,7",(77)
SPR Empreendimentos Imobiliários,"4,1",(26)
IMOBILIÁRIA PLANALTO LTDA Creci J-120,"4,4",(12)
Fort Imobi Soluções Imobiliárias,"5,0",(12)
Fiel Imóveis,"4,1",(16)
Avanti Imob,"4,8",(13)
Êxito Companhia Imobiliária,"3,9",(13)
Rodolfo Imóveis Filial Sudoeste,"3,1",(22)
Elo Empreendimentos Imobiliários Ltda,"3,7",(105)
Agropar Netimóveis,"3,7",(43)
Abdala Soluções Imobiliárias,"3,9",(14)
J. Ribeiro Empreendimentos Imobiliários- DF,"4,0",(35)
Precisa Imobiliária,"3,6",(74)
Alessandro Jardim Consultoria Imobiliária,"4,4",(58)
J. Fleury Assessoria e Consultoria Imobiliária,"4,4",(55)
"Carvalho, Paulo A","3,4",(19)
Bordalo Imob,"4,3",(12)
"Legado Imobiliária: Aluguel e Venda de Imóveis, Condomínio, Sala Comercial, Brasília, DF","4,6",(14)
Paulo Baeta Empreendimentos Imobiliários,"4,2",(19)
Patrimob Imobiliária,"3,3",(11)
Requinte Assessoria Imobiliária,"3,9",(118)
Península Imóveis,"5,0",(16)
Remax Central,"5,0",(13)
GPA ASSESSORIA IMOBILIARIA LTDA,"4,7",(7)
Imobiliária Lago Norte,"2,2",(9)
Mercado Seguro Imóveis,"5,0",(3)
Brasilis Imóveis,"4,5",(130)
Ciclo Negócios Imobiliários,"3,7",(10)
HR Gestão Imobiliária,"3,4",(13)
Planalto Central Imóveis,"4,0",(10)
PaulOOctávio Aluguel,"4,4",(42)
Unique Imob Netimóveis,"4,3",(6)
RBM - Imobiliária,"4,0",(87)
Imobiliária Lettieri,"4,1",(15)
F Elizeu Consultoria Imobiliária,"4,1",(8)
AMRBrasil Assessoria Imobiliária,"2,5",(14)
Habitarbem Consultoria e Administração Imobiliária,"3,9",(13)
MB IMOVEIS,"4,8",(9)
Habitz Imóveis,"4,0",(8)
Vip Imobiliária,"3,6",(39)
Terra Forte Investimentos,"4,8",(9)
Lopes Imóveis,"5,0",(5)
Aliança Imóveis,"4,1",(8)
Saback Imóveis,"2,1",(38)
DF Imóveis Ltda,"4,8",(4)
"PdPart Imóveis: Aluguel e Venda de Imóveis, Condomínio, Sala Comercial, Brasília, DF","4,3",(157)
Alpha Brasília,"3,0",(97)
CRECI DF 8° Região,"4,0",(15)
F&M Imóveis,"4,0",(98)
Calháo Imóveis,"4,1",(7)
Mário Lúcio Netimóveis,"4,1",(38)
Imobiliária Rios,"4,2",(65)
Rodolfo Imóveis,"2,2",(76)
Thaís Imobiliária - Unidade Guará (Matriz),"4,1",(1000)
Emerson iMOB,"5,0",(6)
Imobiliaria Brasvalle,"3,6",(11)
MESTRA IMOBILIARIA LTDA,"5,0",(4)
Daniel Ferreira Imóveis,"4,9",(13)
Smile Imóveis,"5,0",(19)
IMOBILIÁRIA CRUZEIRO NOVO DF Avaliação de Imóveis,"5,0",(2)
Imobiliária Cruzeiro Novo Df,"4,0",(2)
Meta Imobiliária,"3,3",(4)
ALEX BRAZ Negócios Imobiliários - Venda de imoveis em Brasília DF - Credenciado CEF,"3,0",(2)
Perffil Empreendimentos imobiliários Ltda,"4,0",(23)
Ph Imóveis,"3,0",(2)
Sonia Netimóveis,"3,2",(20)
Lopes Royal,"3,8",(6)
Marca Empreendimentos Imobiliários,"4,5",(14)
GM Imóveis,"4,2",(13)
Supper Imobiliária,"4,9",(21)
Brasnil Empreendimentos Imobiliarios,"2,9",(9)
Multivendas Imobiliária,,
Marizienne Imóveis,"2,7",(11)
Imobiliária Belvedere,"3,0",(7)
Imobiliaria,"4,0",(1)
Club House Imobiliária,"5,0",(2)
Buriti Imóveis,"3,9",(11)
BANDEIRANTE IMÓVEIS,"2,8",(44)
Realiza Imóveis,"3,7",(51)
Imóveis do DF Imobiliária,"5,0",(3)
Ovidio Maia,"4,7",(3)
Solo Forte Empreendimentos Imobiliários,"3,4",(5)
Eixo W Soluções Imobiliárias,"3,0",(2)
Top Imobiliária - Imóveis em DF,"4,6",(101)
IRIS Imóveis Corporativos,"5,0",(4)
REDE IMÓVEL DF - IMOBILIÁRIA,"5,0",(1)
Imobiliária Paranoá,"3,8",(91)
Inttermedium Empreendimentos Imobiliários,"2,9",(8)
Notária Imobiliária,"5,0",(2)
L & M Imóveis,"3,3",(3)
Convicta Imóveis,"3,3",(55)
Pró Lote Empreendimentos Imobiliários,"3,0",(7)
Imobiliária Consolida CJ 23017,"3,4",(5)
Arlindo Imóveis Escritório Imobiliário,"4,4",(7)
Ferreira Imobiliária,"2,3",(3)
Fatorial Imoveis,"5,0",(2)
Conde Imoveis,"2,5",(13)
Bastos Intermediações,"5,0",(2)
Thaís Imobiliária - Unidade Águas Claras,"4,1",(374)
Abitare Imobiliária,"4,0",(4)
Imobiliária Consolida,"4,0",(3)
Bordalo Imoveis,,
Imóveis em Brasilia,"5,0",(1)
Bontempo Assessoria Imobiliária,"2,6",(8)
Brasilia DF Corretora de Imóveis,"3,0",(1)
Moni Imóveis,"4,5",(13)
Imobiliária Ateneu,"2,1",(10)
Primeira Imóveis,"5,0",(1)
Residencial Imóveis,"5,0",(1)
Meu DF Imóveis,"4,2",(34)
Brasília Imóveis (Brasília Consultoria e Empreendimentos Imobiliários),"3,3",(7)
Imobiliária Nova Morada,"4,6",(38)
JK imóveis DF,"4,8",(29)
Consult Imóveis,"4,2",(5)
Ts2 Imóveis,"5,0",(2)
Imobiliária Astro,"5,0",(1)
CASA QUATRO CONSULTORIA IMOBILIÁRIA,"5,0",(1)
Aldeia Imobiliária e Construtora,"2,0",(12)
Freire Imóveis DF,"5,0",(3)
CLM Empreendimento Imobiliário,"5,0",(1)
Vinicius Macêdo Consultor Imobiliário,"5,0",(1)
Asa Sul Imobiliária,,
Miranda Imobiliária,,
Imoveis Df,,
Exclusive Imóveis,"1,0",(1)
Nova - Inteligência Imobiliária,"5,0",(35)
Branco Imóveis,"4,2",(31)
Ananias Imóveis LTDA,,
Life Imóveis DF,"5,0",(1)
PREMIUM IMOVEIS,"1,0",(1)
Fúlvio Imóveis - Imobiliária,"4,6",(29)
Imobiliária Augusto e Morais,,
Invest Plus Imobiliária,"2,7",(6)
Executiva Imóveis Brasília,"3,0",(52)
Casablanca Imobiliária,"5,0",(1)
Proposta Certa - Intermediações Imobiliárias,"5,0",(1)
Sampaio imóveis DF,"4,8",(61)
Luzia Mello Imóveis,"4,6",(14)
Módulos Consultoria e Gerenciamento Imobiliário Ltda,"5,0",(2)
Hoto Barros Negocios Imobiliarios,,
Imobiliaria,,
Know How Imobiliária,"4,1",(71)
Logos Imobiliária e Construtora,,
J F Administração e Venda de Imóveis,,
S&F IMOBILIÁRIA LTDA ME,"3,4",(13)
NR Negócios Imobiliários,,
V S Imóveis,,
Imobiliária Paulo Pimenta Correspondente Caixa,,
Mafra Assessoria Imobiliaria,"1,9",(9)
Beiramar Imóveis - Taguatinga,"4,2",(139)
My House Imobiliária,"4,0",(34)
Simóvel Imobiliária Noroeste,"1,0",(1)
CRISTO REI,"1,7",(17)
Delamôra Perícia Imobiliária,"5,0",(2)
Pajussara Empreendimentos Imobiliários,"4,2",(11)
Precisão Imóveis,,
Alex Gama Imóveis,"1,3",(4)
Imóveis DF,,
Atta Brasília Imóveis - Gestão Imobiliária LTDA,"5,0",(1)
Imobiliária Forte,"3,7",(39)
Imóveis na Planta DF,,
Terrabras Imobiliárias Terras de Brasília Ltda,,
Terrabras Imobiliárias Terras de Brasília Ltda,,
Ecoa Soluções Imobiliárias,,
Solo Empreendimentos Imobiliários LTDA,,
Corretor de Imoveis DF,,
Nova Capital Imóveis,"5,0",(2)
Augusto Cesar Consultoria Imobiliária,"5,0",(2)
Apart Imóveis,"3,8",(11)
Terracap imóveis,"3,7",(3)
Casa Minha Imobiliária,"5,0",(3)
Shalom Imóveis,,
Geraldo Vieira Imóveis,"4,4",(22)
Soterra Imobiliária,"3,8",(60)
Imobiliaria Rita de Cassia,,
Feijó Imóveis LTDA,,
Paulo Duarte Imóveis,"3,3",(76)
Espaço Imobiliária - O seu Espaço do seu Jeito,"4,7",(19)
Leonardo Vieira Imobiliária e Seguros,"3,3",(30)
Logos Imobiliária e Construtora,,
Aliança Empreendimentos Turísticos,,
Conselho Regional de Corretores de Imóveis do Distrito Federal (Creci-DF / 8ª Região),"4,2",(41)
Eldorado Imobiliária,"3,4",(21)
Nardotto Imóveis,,
Beiramar Imóveis - Águas Claras,"3,7",(158)
Conde Escritório Imobiliário,,
Pinheiro Negócios Imobiliários Ltda,"3,5",(15)
Duprime Imobiliária - Especialista no Lago Sul,"5,0",(1)
Acontece Imobiliária - Filial Águas Claras,"3,4",(59)
"Imobiliária Lucas - Imóveis em Taguatinga, Águas Claras, Brasília","3,7",(164)
Barra Imobiliária,"3,3",(77)
IMOBILIÁRIA DO LAGO,"3,3",(15)
JB Rocha Imóveis,"4,7",(65)
INOVE LAR Imobiliária ✅,"4,5",(93)
HR Gestão Imobiliária,"4,3",(6)
Habitacional Imobiliaria,"4,4",(5)
Natan Imóveis,"5,0",(1)
Leão Imóveis DF,"4,9",(27)
ARS Imóveis Brasília,,
Fátima Corretora de Imóveis,"3,8",(73)
,,
MADEL IMOBILIÁRIA LTDA,"4,3",(24)
Imobiliaria,,
Ingrid Lopes - Corretora de Imoveis em Brasília/DF,"5,0",(1)
San imóveis,,
Lopes Capital,"3,6",(42)
Lunabel Imóveis,,
Edilson Araújo Corretor de Imóveis,,
Dular Imobiliária,"4,3",(221)
IMOBILIÁRIA,"3,0",(2)
Estrela DF Imóveis,,
Cinzel Imobiliária Ltda,"3,4",(95)
Ferola Empreendimentos Imobiliários,"4,2",(27)
RE/MAX JOTA Imobiliária - Unidade Águas Claras,"4,8",(73)
Simóvel Empreendimentos Imobiliários,"3,1",(198)
Antônio Soares Netimoveis,"3,6",(83)
Apollo Imóveis,"2,0",(22)
Larry Marques Imóveis - Escritório Imobiliário | Sobradinho | Brasília - DF,"4,4",(20)
A & L Imóveis,,
Soares Imóveis,"3,7",(217)
Solino Imobiliária,"3,6",(158)
Noronha & Edmilson Imóveis,"3,9",(15)
Imobiliária Antônio Filho Águas Claras,"3,0",(26)
HABITAÇÃO EMPREENDIMENTOS E CONSULTORIA IMOBILIARIA LTDA,"2,0",(1)
RW Imóveis Consultoria Imobiliária,,
IMÓVEIS KATHYA,"4,2",(5)
Quasar Imobiliária,"3,5",(38)
Brito Imobiliária,"3,4",(57)
Global Prime Soluções Imobiliárias,,
Invicta Imóveis - Unidade Riacho Fundo 1,"3,3",(111)
immobili - Arquitetura e Consultoria Imobiliária Ltda,,
Terra Imobiliária,"3,0",(2)
Nogueira Imóveis,"3,6",(33)
Imobiliária Estrela,"3,1",(29)
DF4 IMÓVEIS Imobiliária,"5,0",(10)
Imobiliária Ville,"5,0",(2)
C4S4S.com® | Negócios Imobiliários‎,,
Alpha Brasília,"2,7",(23)
RE/MAX Capital,"3,4",(18)
RE/MAX Capital Noroeste,"5,0",(1)
La Sale Imóveis,"3,5",(2)
Silvio Silva Assessoria Imobiliária,"5,0",(14)
Feijó Imóveis LTDA,"2,3",(3)
Pedro Junior Imoveis - Escritório Imobiliário | Sobradinho | Brasília - DF,"4,2",(14)
Multimob Soluções Imobiliárias,"5,0",(5)
PC Imobiliária,,
Espaço Imobiliária,"3,0",(2)
WImoveis,"3,3",(75)
Mude Soluções Imobiliárias,"5,0",(1)
RIWER SOLUÇÕES IMOBILIÁRIAS,"1,0",(1)
Paulo AMARAL IMÓVEIS Escritório Imobiliário,"5,0",(2)
Imobdf,"5,0",(1)
Coemi Imóveis - Unidade Águas Claras,"3,4",(8)
Imobiliária,,
Vilar Imóveis,"3,3",(11)
Imobiliária Colibri,"3,6",(29)
Marcio Imóveis Ltda-ME,"4,3",(15)
Gontijo imobiliária,"4,3",(4)
JM Imobiliária,"4,0",(2)
Imobiliária DF Imóveis,"4,3",(4)
Alugar Imóveis - Vender imóveis,,
Imobiliaria Solino,"2,8",(12)
Imobly Agência Imobiliária - Águas Claras,"4,7",(60)
JR Escritório Imobiliário,"3,3",(39)
Câmara de Valores Imobiliários do DF,"5,0",(3)
Mega Home Imóveis,"5,0",(3)
Confiança Bsb Imobiliária,"5,0",(1)
Mc Imóveis,"3,0",(4)
Jorge Dos Santos Imobiliária - Unidade Ceilândia (Matriz),"3,0",(2)
Mendonça Empreendimentos Imobiliários,"3,0",(1)
8 Imoveis,"5,0",(2)
Xavier Imóveis,"2,3",(3)
Ducol Empreendimentos Imobiliários,,
Apartamentosdf Vendas de Apartamentos em Brasília,"3,3",(3)
Imobiliária Fortaleza,"3,9",(26)
Propriete Imóveis,,
Carlos Farias Imóveis - Vendas e Avaliações de Imóveis em Brasilia-DF. Desde 1999,"1,4",(5)
Lugar Certo Imobiliaria,"4,0",(68)
Elizeu Gonçalves Imóveis,"4,0",(20)
Brazil Imobiliaria,"4,7",(7)
Jurídico para Imobiliárias,,
Decisão Imobiliária,"3,5",(59)
Visão Empreendimentos Imobiliários,"3,0",(2)
Rodrigues Empreendimentos Imobiliários,"4,0",(4)
Brasília Realty Imobiliária Eireli,"1,0",(1)
Mecta Imobiliária,"4,1",(14)
Ampla Imobiliária,"4,0",(1)
PHD Empreendimentos Imobiliários,"3,6",(25)
Melo Imobiliária,"2,9",(55)
MORATA IMOBILIÁRIA LTDA,"3,4",(59)
Roma Imobiliária,,
Imobiliária Fernandes,"3,4",(58)
SP Empreendimentos Imobiliários,,
Piloto Empreendimentos Imobiliários,"3,8",(5)
GMDF IMÓVEIS,"5,0",(6)
Atlas Empreendimentos Imobiliários,"1,8",(5)
Luís Augusto Bizzi,,
DF Imobiliaria,,
Grupo ISA imoveis,,
Imobiliária Noble,"3,4",(10)
Associação de Empresas do Mercado Imobiliário do Distrito Federal,"4,6",(13)
Wimoveis,"2,6",(5)
Emplavi,"4,5",(60)
GN Escritório Imobiliário,,
Imobiliária Inovação Ltda,"2,2",(6)
WM IMÓVEIS,"3,7",(12)
JF CONSULTORIA IMOBILIÁRIA,,
Emplavi,"5,0",(3)
ASF,"5,0",(1)
Condomínio Life Resort,"4,6",(3791)
CONSULTOR IMOBILIÁRIO,,
Lopes,"4,7",(3)
RE/MAX Exclusiva,"5,0",(8)
Imovelweb,"2,0",(5)
Ampla,"2,3",(3)
INEDI-Instituto Nacional de Ensino à Distância,"3,7",(20)
DFimoveis.com,"4,9",(14)
Seicon-df,"2,5",(13)
Sindicato da Habitação do Distrito Federal,"3,0",(1)
Corretor Pessoal Imóveis,,
LC Empreendimentos Imobiliários,,
André Imóveis,,
LÍDER CORRETORA DE SEGUROS LTDA,"5,0",(5)
Lopes Royal,,
Caixa Imóveis,,
CETEB – Centro de Ensino Tecnológico de Brasília,"4,0",(83)
Condomínio do Edifício Ouro Verde,"4,2",(18)
Kaza Imobiliária,"4,4",(131)
Abramis,"3,0",(6)
Taya Empreendimentos e Participações,,
Construtora Brilhante,,
Ed. Marina Office,"4,0",(44)
Instituto Monte Horebe,"4,0",(71)
Real Solução Vistorias,"5,0",(2)
VIA LOG EXPRESS,"4,9",(15)
Qualy,"5,0",(1)
iMobile Apple DF,"3,8",(4)
JC Despachante,"4,4",(16)
Condomínio Residencial Fraternidade,,
Condomínio do Edifício Central Brasília,"4,3",(3)
Direcional Taguatinga Engenharia,"1,0",(2)
Tecna Construtora,,
Domani,"2,0",(1)
Eficaz Contabilidade,"3,0",(2)
PROLEX ASSESSORIA CONTÁBIL,,
Vagon Engenharia Civil S.A,"4,0",(5)
Seicon-df,"4,3",(13)
D I Joalheiros,"1,0",(1)
Rogai por Nós - Artigos Religiosos,"3,3",(4)
Conecta SFI,"5,0",(1)
Academia Fernando Alves,"5,0",(12)
Tradicional Imobiliária,"3,0",(2)
Isaltina V Santos,,
Lotérica,"4,5",(2)
"Laufer - Auditoria, Perícia e Contabilidade",,
Multi Empresarial,,
BMA,,
Emysouto Papelaria e Informática,"4,3",(4)
Condomínio do Edifício Ordem dos Advogados do Brasil,,
Apoena,,
Cerutti Gestao Empresarial,,
Triton - Quiosque,"4,2",(6)
Condomínio Porto Seguro,"4,5",(99)
Mario Batista Advogados Associados,,
Barros Carvalho Advogados Associados,,
Centro Educacional Brasil Central,"3,6",(102)
Trecho 17,,
Supletivo na Asa Sul,"4,0",(1)
BSB CAD CAM CENTER,,
Cognos,,
Escola Ceteb de Jovens e Adultos,"3,8",(19)
Magazine Vera Verônica,"4,5",(2)
Conj. E,,
Caixa Econômica Federal,"1,0",(1)
DF AUTO CENTER PORTO SEGURO,"4,3",(212)
Sebastião Alves de Souza Neto,,
DF Century Plaza,"4,5",(300)
Q 3 C,,
Residencial Maxximo Garden,"4,6",(99)
Brenda Fashion,,
Dentart Prótese Dentária Ltda,,
Clube Verde,"3,9",(32)
DF Casa Imóveis,"4,9",(392)
DF Imobiliária,"4,8",(28)