Nome,Nota,Numero_avaliacoes
Augusto Cesar Consultoria Imobiliária,"5,0",2
Duprime Imobiliária - Especialista no Lago Sul,"5,0",1
CASA QUATRO CONSULTORIA IMOBILIÁRIA,"5,0",1
Freire Imóveis DF,"5,0",3
CLM Empreendimento Imobiliário,"5,0",1
Vinicius Macêdo Consultor Imobiliário,"5,0",1
Nova - Inteligência Imobiliária,"5,0",35
Life Imóveis DF,"5,0",1
Fort Imobi Soluções Imobiliárias,"5,0",12
Casablanca Imobiliária,"5,0",1
Proposta Certa - Intermediações Imobiliárias,"5,0",1
Módulos Consultoria e Gerenciamento Imobiliário Ltda,"5,0",2
Delamôra Perícia Imobiliária,"5,0",2
Atta Brasília Imóveis - Gestão Imobiliária LTDA,"5,0",1
Monumental Agência Imobiliária,"5,0",26
Nova Capital Imóveis,"5,0",2
Sardeiro Imóveis,"5,0",24
Imobiliária Astro,"5,0",1
Ts2 Imóveis,"5,0",2
Emerson iMOB,"5,0",6
Península Imóveis,"5,0",16
Smile Imóveis,"5,0",19
IMOBILIÁRIA CRUZEIRO NOVO DF Avaliação de Imóveis,"5,0",2
Mercado Seguro Imóveis,"5,0",3
Club House Imobiliária,"5,0",2
Imóveis do DF Imobiliária,"5,0",3
Remax Central,"5,0",13
IRIS Imóveis Corporativos,"5,0",4
Residencial Imóveis,"5,0",1
REDE IMÓVEL DF - IMOBILIÁRIA,"5,0",1
Notária Imobiliária,"5,0",2
Fatorial Imoveis,"5,0",2
Bastos Intermediações,"5,0",2
Imóveis em Brasilia,"5,0",1
Primeira Imóveis,"5,0",1
MESTRA IMOBILIARIA LTDA,"5,0",4
Casa Minha Imobiliária,"5,0",3
Natan Imóveis,"5,0",1
Câmara de Valores Imobiliários do DF,"5,0",3
Academia Fernando Alves,"5,0",12
Conecta SFI,"5,0",1
Qualy,"5,0",1
Real Solução Vistorias,"5,0",2
LÍDER CORRETORA DE SEGUROS LTDA,"5,0",5
IMOBILIARIA SUDOESTE,"5,0",10
RE/MAX Exclusiva,"5,0",8
ASF,"5,0",1
Emplavi,"5,0",3
Emprend Imobiliária,"5,0",48
GMDF IMÓVEIS,"5,0",6
Confiança Bsb Imobiliária,"5,0",1
Mega Home Imóveis,"5,0",3
8 Imoveis,"5,0",2
Imobdf,"5,0",1
Mude Soluções Imobiliárias,"5,0",1
Multimob Soluções Imobiliárias,"5,0",5
Silvio Silva Assessoria Imobiliária,"5,0",14
RE/MAX Capital Noroeste,"5,0",1
Imobiliária Ville,"5,0",2
Paulo AMARAL IMÓVEIS Escritório Imobiliário,"5,0",2
DF4 IMÓVEIS Imobiliária,"5,0",10
Lopes Imóveis,"5,0",5
Ingrid Lopes - Corretora de Imoveis em Brasília/DF,"5,0",1
DNG Imobiliária,"4,9",59
Imobiliária REMAX Super,"4,9",23
DF Casa Imóveis,"4,9",392
Supper Imobiliária,"4,9",21
Daleprane Inteligência Imobiliária,"4,9",82
VIA LOG EXPRESS,"4,9",15
DFimoveis.com,"4,9",14
Manu Netimóveis,"4,9",104
Leão Imóveis DF,"4,9",27
Daniel Ferreira Imóveis,"4,9",13
DF Imóveis Ltda,"4,8",4
Sampaio imóveis DF,"4,8",61
JK imóveis DF,"4,8",29
MB IMOVEIS,"4,8",9
RE/MAX JOTA Imobiliária - Unidade Águas Claras,"4,8",73
Terra Forte Investimentos,"4,8",9
DF Imobiliária,"4,8",28
Quadraimob,"4,8",33
Avanti Imob,"4,8",13
Êxito | NetImóveis,"4,8",99
Espaço Imobiliária - O seu Espaço do seu Jeito,"4,7",19
Imobly Agência Imobiliária - Águas Claras,"4,7",60
Brazil Imobiliaria,"4,7",7
Granville Negócios Imobiliários,"4,7",77
Lopes,"4,7",3
BSB | Netimóveis,"4,7",35
Ovidio Maia,"4,7",3
TABAKAL Imobiliária,"4,7",65
JB Rocha Imóveis,"4,7",65
GPA ASSESSORIA IMOBILIARIA LTDA,"4,7",7
Divino Imóveis Brasília,"4,7",22
VIRTUAL IMOBILIARIA,"4,6",12
Top Imobiliária - Imóveis em DF,"4,6",101
Condomínio Life Resort,"4,6",3791
"Legado Imobiliária: Aluguel e Venda de Imóveis, Condomínio, Sala Comercial, Brasília, DF","4,6",14
Residencial Maxximo Garden,"4,6",99
Aguiar de Vasconcelos Imóveis,"4,6",44
Associação de Empresas do Mercado Imobiliário do Distrito Federal,"4,6",13
Fúlvio Imóveis - Imobiliária,"4,6",29
Luzia Mello Imóveis,"4,6",14
Imobiliária Nova Morada,"4,6",38
INOVE LAR Imobiliária ✅,"4,5",93
DF Century Plaza,"4,5",300
Condomínio Porto Seguro,"4,5",99
Moni Imóveis,"4,5",13
Lotérica,"4,5",2
Emplavi,"4,5",60
Marca Empreendimentos Imobiliários,"4,5",14
Magazine Vera Verônica,"4,5",2
Brasilis Imóveis,"4,5",130
Ferola Empreendimentos Imobiliários,"4,5",154
Larry Marques Imóveis - Escritório Imobiliário | Sobradinho | Brasília - DF,"4,4",20
Correta Imobiliária,"4,4",17
Arlindo Imóveis Escritório Imobiliário,"4,4",7
Alessandro Jardim Consultoria Imobiliária,"4,4",58
Habitacional Imobiliaria,"4,4",5
Santiago Imobiliária,"4,4",99
IMOBILIÁRIA PLANALTO LTDA Creci J-120,"4,4",12
RE/MAX Immobili,"4,4",28
J. Fleury Assessoria e Consultoria Imobiliária,"4,4",55
Bordalo Prime,"4,4",44
Kaza Imobiliária,"4,4",131
Geraldo Vieira Imóveis,"4,4",22
PaulOOctávio Aluguel,"4,4",42
JC Despachante,"4,4",16
Cúpula Empreendimentos Imobiliários,"4,3",9
Emysouto Papelaria e Informática,"4,3",4
DF AUTO CENTER PORTO SEGURO,"4,3",212
MADEL IMOBILIÁRIA LTDA,"4,3",24
Gontijo imobiliária,"4,3",4
Bordalo Imob,"4,3",12
Seicon-df,"4,3",13
"PdPart Imóveis: Aluguel e Venda de Imóveis, Condomínio, Sala Comercial, Brasília, DF","4,3",157
Dular Imobiliária,"4,3",221
Condomínio do Edifício Central Brasília,"4,3",3
Imobiliária DF Imóveis,"4,3",4
Êxito Premium Imobiliária,"4,3",21
HR Gestão Imobiliária,"4,3",6
Marcio Imóveis Ltda-ME,"4,3",15
Thaís Imobiliária - Unidade Asa Sul,"4,3",177
Unique Imob Netimóveis,"4,3",6
IMÓVEIS KATHYA,"4,2",5
Consult Imóveis,"4,2",5
Imobiliária Rios,"4,2",65
Branco Imóveis,"4,2",31
Meu DF Imóveis,"4,2",34
GM Imóveis,"4,2",13
ABC Imóveis Ltda,"4,2",33
Triton - Quiosque,"4,2",6
Pedro Junior Imoveis - Escritório Imobiliário | Sobradinho | Brasília - DF,"4,2",14
Ferola Empreendimentos Imobiliários,"4,2",27
Pajussara Empreendimentos Imobiliários,"4,2",11
Varandas Imóveis,"4,2",140
Paulo Baeta Empreendimentos Imobiliários,"4,2",19
Condomínio do Edifício Ouro Verde,"4,2",18
Beiramar Imóveis - Taguatinga,"4,2",139
Conselho Regional de Corretores de Imóveis do Distrito Federal (Creci-DF / 8ª Região),"4,2",41
SPR Empreendimentos Imobiliários,"4,1",26
Know How Imobiliária,"4,1",71
Imobiliaria Janio Sousa,"4,1",10
Fiel Imóveis,"4,1",16
ASC Assessoria de Condomínios,"4,1",14
Thaís Imobiliária - Unidade Guará (Matriz),"4,1",1000
Acontece Imobiliária,"4,1",315
F Elizeu Consultoria Imobiliária,"4,1",8
Imobiliária Lettieri,"4,1",15
Aliança Imóveis,"4,1",8
Mecta Imobiliária,"4,1",14
Calháo Imóveis,"4,1",7
Thaís Imobiliária - Unidade Águas Claras,"4,1",374
Mário Lúcio Netimóveis,"4,1",38
Coemi Imóveis,"4,0",159
Perffil Empreendimentos imobiliários Ltda,"4,0",23
Imobiliária Cruzeiro Novo Df,"4,0",2
Supletivo na Asa Sul,"4,0",1
Planalto Central Imóveis,"4,0",10
F&M Imóveis,"4,0",98
Vagon Engenharia Civil S.A,"4,0",5
CRECI DF 8° Região,"4,0",15
RBM - Imobiliária,"4,0",87
Habitz Imóveis,"4,0",8
Luiz Cláudio Empreendimentos Imobiliários LTDA,"4,0",41
CBL Imóveis,"4,0",20
Abitare Imobiliária,"4,0",4
Imobiliaria,"4,0",1
61 imóveis,"4,0",52
Lugar Certo Imobiliaria,"4,0",68
Instituto Monte Horebe,"4,0",71
Elizeu Gonçalves Imóveis,"4,0",20
My House Imobiliária,"4,0",34
Ed. Marina Office,"4,0",44
Rodrigues Empreendimentos Imobiliários,"4,0",4
CETEB – Centro de Ensino Tecnológico de Brasília,"4,0",83
J. Ribeiro Empreendimentos Imobiliários- DF,"4,0",35
Imobiliária Consolida,"4,0",3
Ampla Imobiliária,"4,0",1
JM Imobiliária,"4,0",2
Clube Verde,"3,9",32
Imobiliária Fortaleza,"3,9",26
Rogerbras Consultoria Imobiliária,"3,9",47
Noronha & Edmilson Imóveis,"3,9",15
Dall'Oca Negócios Imobiliários,"3,9",136
Beiramar Imóveis - Asa Sul,"3,9",173
PARK SUL IMOVEIS LTDA,"3,9",106
Plano Imobiliária,"3,9",154
Habitarbem Consultoria e Administração Imobiliária,"3,9",13
Buriti Imóveis,"3,9",11
Requinte Assessoria Imobiliária,"3,9",118
Abdala Soluções Imobiliárias,"3,9",14
Foco Engenharia Central de Vendas,"3,9",132
Êxito Companhia Imobiliária,"3,9",13
Fátima Corretora de Imóveis,"3,8",73
Tetto Empreendimentos Imobiliários,"3,8",17
Escola Ceteb de Jovens e Adultos,"3,8",19
Apart Imóveis,"3,8",11
Lopes Royal,"3,8",6
iMobile Apple DF,"3,8",4
Armando Imoveis,"3,8",38
Imobiliária Paranoá,"3,8",91
Soterra Imobiliária,"3,8",60
Piloto Empreendimentos Imobiliários,"3,8",5
Imobiliária Forte,"3,7",39
WM IMÓVEIS,"3,7",12
Elo Empreendimentos Imobiliários Ltda,"3,7",105
INEDI-Instituto Nacional de Ensino à Distância,"3,7",20
Realiza Imóveis,"3,7",51
Ciclo Negócios Imobiliários,"3,7",10
Terracap imóveis,"3,7",3
Agropar Netimóveis,"3,7",43
"Imobiliária Lucas - Imóveis em Taguatinga, Águas Claras, Brasília","3,7",164
Soares Imóveis,"3,7",217
Beiramar Imóveis - Águas Claras,"3,7",158
Imobiliaria Brasilia LTDA,"3,7",33
Precisa Imobiliária,"3,6",74
PHD Empreendimentos Imobiliários,"3,6",25
Antônio Soares Netimoveis,"3,6",83
Lopes Capital,"3,6",42
Solino Imobiliária,"3,6",158
Imobiliária Colibri,"3,6",29
Centro Educacional Brasil Central,"3,6",102
Nogueira Imóveis,"3,6",33
Imobiliaria Brasvalle,"3,6",11
Vip Imobiliária,"3,6",39
Decisão Imobiliária,"3,5",59
La Sale Imóveis,"3,5",2
IMOBILIARIA ZOOM,"3,5",26
Pinheiro Negócios Imobiliários Ltda,"3,5",15
Quasar Imobiliária,"3,5",38
Imobiliária Consolida CJ 23017,"3,4",5
Brito Imobiliária,"3,4",57
Imobiliária Noble,"3,4",10
Eldorado Imobiliária,"3,4",21
"Carvalho, Paulo A","3,4",19
S&F IMOBILIÁRIA LTDA ME,"3,4",13
Solo Forte Empreendimentos Imobiliários,"3,4",5
Cinzel Imobiliária Ltda,"3,4",95
Coemi Imóveis - Unidade Águas Claras,"3,4",8
MORATA IMOBILIÁRIA LTDA,"3,4",59
Acontece Imobiliária - Filial Águas Claras,"3,4",59
RE/MAX Capital,"3,4",18
HR Gestão Imobiliária,"3,4",13
Imobiliária Fernandes,"3,4",58
Brasília Imóveis (Brasília Consultoria e Empreendimentos Imobiliários),"3,3",7
L & M Imóveis,"3,3",3
Convicta Imóveis,"3,3",55
Patrimob Imobiliária,"3,3",11
Rogai por Nós - Artigos Religiosos,"3,3",4
Meta Imobiliária,"3,3",4
Barra Imobiliária,"3,3",77
IMOBILIÁRIA DO LAGO,"3,3",15
Leonardo Vieira Imobiliária e Seguros,"3,3",30
Apartamentosdf Vendas de Apartamentos em Brasília,"3,3",3
Invicta Imóveis - Unidade Riacho Fundo 1,"3,3",111
Vilar Imóveis,"3,3",11
Paulo Duarte Imóveis,"3,3",76
WImoveis,"3,3",75
JR Escritório Imobiliário,"3,3",39
Sonia Netimóveis,"3,2",20
Rodolfo Imóveis Filial Sudoeste,"3,1",22
Jbn Imóveis Ltda.,"3,1",28
Simóvel Empreendimentos Imobiliários,"3,1",198
Imobiliária Estrela,"3,1",29
Imobiliaria Real,"3,1",29
Executiva Imóveis Brasília,"3,0",52
Pró Lote Empreendimentos Imobiliários,"3,0",7
Eficaz Contabilidade,"3,0",2
Espaço Imobiliária,"3,0",2
Eixo W Soluções Imobiliárias,"3,0",2
Abramis,"3,0",6
Imobiliária Belvedere,"3,0",7
Ph Imóveis,"3,0",2
Tradicional Imobiliária,"3,0",2
Brasilia DF Corretora de Imóveis,"3,0",1
Sindicato da Habitação do Distrito Federal,"3,0",1
ALEX BRAZ Negócios Imobiliários - Venda de imoveis em Brasília DF - Credenciado CEF,"3,0",2
Imobiliária Antônio Filho Águas Claras,"3,0",26
Mc Imóveis,"3,0",4
Jorge Dos Santos Imobiliária - Unidade Ceilândia (Matriz),"3,0",2
Mendonça Empreendimentos Imobiliários,"3,0",1
Visão Empreendimentos Imobiliários,"3,0",2
Terra Imobiliária,"3,0",2
Alpha Brasília,"3,0",97
IMOBILIÁRIA,"3,0",2
Brasnil Empreendimentos Imobiliarios,"2,9",9
Inttermedium Empreendimentos Imobiliários,"2,9",8
Melo Imobiliária,"2,9",55
BANDEIRANTE IMÓVEIS,"2,8",44
Imobiliaria Solino,"2,8",12
Marizienne Imóveis,"2,7",11
Invest Plus Imobiliária,"2,7",6
Alpha Brasília,"2,7",23
Bontempo Assessoria Imobiliária,"2,6",8
Wimoveis,"2,6",5
Conde Imoveis,"2,5",13
AMRBrasil Assessoria Imobiliária,"2,5",14
Seicon-df,"2,5",13
Ferreira Imobiliária,"2,3",3
Feijó Imóveis LTDA,"2,3",3
Ampla,"2,3",3
Xavier Imóveis,"2,3",3
Imobiliária Lago Norte,"2,2",9
Rodolfo Imóveis,"2,2",76
Imobiliária Inovação Ltda,"2,2",6
Saback Imóveis,"2,1",38
Imobiliária Ateneu,"2,1",10
HABITAÇÃO EMPREENDIMENTOS E CONSULTORIA IMOBILIARIA LTDA,"2,0",1
Domani,"2,0",1
Aldeia Imobiliária e Construtora,"2,0",12
Imovelweb,"2,0",5
Apollo Imóveis,"2,0",22
Mafra Assessoria Imobiliaria,"1,9",9
Atlas Empreendimentos Imobiliários,"1,8",5
CRISTO REI,"1,7",17
Carlos Farias Imóveis - Vendas e Avaliações de Imóveis em Brasilia-DF. Desde 1999,"1,4",5
Alex Gama Imóveis,"1,3",4
D I Joalheiros,"1,0",1
Brasília Realty Imobiliária Eireli,"1,0",1
Caixa Econômica Federal,"1,0",1
Exclusive Imóveis,"1,0",1
PREMIUM IMOVEIS,"1,0",1
Simóvel Imobiliária Noroeste,"1,0",1
RIWER SOLUÇÕES IMOBILIÁRIAS,"1,0",1
Direcional Taguatinga Engenharia,"1,0",2
